{
  "50,50": {
    "x": 50,
    "y": 50,
    "exists": true,
    "isEdge": true
  },
  "125,93.30127018922192": {
    "x": 125,
    "y": 93.30127018922192,
    "exists": true,
    "isEdge": true
  },
  "200,49.99999999999999": {
    "x": 200,
    "y": 49.99999999999999,
    "exists": false,
    "isEdge": false
  },
  "275,93.30127018922192": {
    "x": 275,
    "y": 93.30127018922192,
    "exists": true,
    "isEdge": true
  },
  "350,49.99999999999999": {
    "x": 350,
    "y": 49.99999999999999,
    "exists": false,
    "isEdge": false
  },
  "425,93.30127018922192": {
    "x": 425,
    "y": 93.30127018922192,
    "exists": true,
    "isEdge": true
  },
  "500,49.99999999999999": {
    "x": 500,
    "y": 49.99999999999999,
    "exists": true,
    "isEdge": true
  },
  "575,93.30127018922192": {
    "x": 575,
    "y": 93.30127018922192,
    "exists": true,
    "isEdge": true
  },
  "650,49.99999999999999": {
    "x": 650,
    "y": 49.99999999999999,
    "exists": true,
    "isEdge": true
  },
  "725,93.30127018922192": {
    "x": 725,
    "y": 93.30127018922192,
    "exists": false,
    "isEdge": false
  },
  "800,49.99999999999999": {
    "x": 800,
    "y": 49.99999999999999,
    "exists": false,
    "isEdge": false
  },
  "875,93.30127018922192": {
    "x": 875,
    "y": 93.30127018922192,
    "exists": true,
    "isEdge": true
  },
  "950,49.99999999999999": {
    "x": 950,
    "y": 49.99999999999999,
    "exists": true,
    "isEdge": true
  },
  "50,136.60254037844385": {
    "x": 50,
    "y": 136.60254037844385,
    "exists": true,
    "isEdge": true
  },
  "125,179.90381056766577": {
    "x": 125,
    "y": 179.90381056766577,
    "exists": true,
    "isEdge": true
  },
  "200,136.60254037844385": {
    "x": 200,
    "y": 136.60254037844385,
    "exists": true,
    "isEdge": true
  },
  "275,179.90381056766577": {
    "x": 275,
    "y": 179.90381056766577,
    "exists": true,
    "isEdge": true
  },
  "350,136.60254037844385": {
    "x": 350,
    "y": 136.60254037844385,
    "exists": true,
    "isEdge": true
  },
  "425,179.90381056766577": {
    "x": 425,
    "y": 179.90381056766577,
    "exists": true,
    "isEdge": true
  },
  "500,136.60254037844385": {
    "x": 500,
    "y": 136.60254037844385,
    "exists": true,
    "isEdge": true
  },
  "575,179.90381056766577": {
    "x": 575,
    "y": 179.90381056766577,
    "exists": false,
    "isEdge": false
  },
  "650,136.60254037844385": {
    "x": 650,
    "y": 136.60254037844385,
    "exists": true,
    "isEdge": true
  },
  "725,179.90381056766577": {
    "x": 725,
    "y": 179.90381056766577,
    "exists": true,
    "isEdge": true
  },
  "800,136.60254037844385": {
    "x": 800,
    "y": 136.60254037844385,
    "exists": true,
    "isEdge": true
  },
  "875,179.90381056766577": {
    "x": 875,
    "y": 179.90381056766577,
    "exists": false,
    "isEdge": false
  },
  "950,136.60254037844385": {
    "x": 950,
    "y": 136.60254037844385,
    "exists": true,
    "isEdge": true
  },
  "50,223.2050807568877": {
    "x": 50,
    "y": 223.2050807568877,
    "exists": true,
    "isEdge": true
  },
  "125,266.50635094610965": {
    "x": 125,
    "y": 266.50635094610965,
    "exists": true,
    "isEdge": true
  },
  "200,223.20508075688772": {
    "x": 200,
    "y": 223.20508075688772,
    "exists": true,
    "isEdge": true
  },
  "275,266.50635094610965": {
    "x": 275,
    "y": 266.50635094610965,
    "exists": true,
    "isEdge": true
  },
  "350,223.20508075688772": {
    "x": 350,
    "y": 223.20508075688772,
    "exists": true,
    "isEdge": true
  },
  "425,266.50635094610965": {
    "x": 425,
    "y": 266.50635094610965,
    "exists": true,
    "isEdge": true
  },
  "500,223.20508075688772": {
    "x": 500,
    "y": 223.20508075688772,
    "exists": true,
    "isEdge": true,
    "type": "sand"
  },
  "575,266.50635094610965": {
    "x": 575,
    "y": 266.50635094610965,
    "exists": true,
    "isEdge": true,
    "type": "sand"
  },
  "650,223.20508075688772": {
    "x": 650,
    "y": 223.20508075688772,
    "exists": true,
    "isEdge": true,
    "type": "sand"
  },
  "725,266.50635094610965": {
    "x": 725,
    "y": 266.50635094610965,
    "exists": true,
    "isEdge": true,
    "type": "sand"
  },
  "800,223.20508075688772": {
    "x": 800,
    "y": 223.20508075688772,
    "exists": false,
    "isEdge": false
  },
  "875,266.50635094610965": {
    "x": 875,
    "y": 266.50635094610965,
    "exists": false,
    "isEdge": false
  },
  "950,223.20508075688772": {
    "x": 950,
    "y": 223.20508075688772,
    "exists": true,
    "isEdge": true
  },
  "50,309.8076211353316": {
    "x": 50,
    "y": 309.8076211353316,
    "exists": false,
    "isEdge": false
  },
  "125,353.10889132455355": {
    "x": 125,
    "y": 353.10889132455355,
    "exists": true,
    "isEdge": true
  },
  "200,309.8076211353316": {
    "x": 200,
    "y": 309.8076211353316,
    "exists": true,
    "isEdge": true
  },
  "275,353.10889132455355": {
    "x": 275,
    "y": 353.10889132455355,
    "exists": false,
    "isEdge": false
  },
  "350,309.8076211353316": {
    "x": 350,
    "y": 309.8076211353316,
    "exists": true,
    "isEdge": true
  },
  "425,353.10889132455355": {
    "x": 425,
    "y": 353.10889132455355,
    "exists": true,
    "isEdge": true
  },
  "500,309.8076211353316": {
    "x": 500,
    "y": 309.8076211353316,
    "exists": false,
    "isEdge": false
  },
  "575,353.10889132455355": {
    "x": 575,
    "y": 353.10889132455355,
    "exists": true,
    "isEdge": true
  },
  "650,309.8076211353316": {
    "x": 650,
    "y": 309.8076211353316,
    "exists": false,
    "isEdge": false
  },
  "725,353.10889132455355": {
    "x": 725,
    "y": 353.10889132455355,
    "exists": true,
    "isEdge": true,
    "type": "sand"
  },
  "800,309.8076211353316": {
    "x": 800,
    "y": 309.8076211353316,
    "exists": false,
    "isEdge": false
  },
  "875,353.10889132455355": {
    "x": 875,
    "y": 353.10889132455355,
    "exists": true,
    "isEdge": true
  },
  "950,309.8076211353316": {
    "x": 950,
    "y": 309.8076211353316,
    "exists": true,
    "isEdge": true
  },
  "50,396.4101615137755": {
    "x": 50,
    "y": 396.4101615137755,
    "exists": false,
    "isEdge": false
  },
  "125,439.71143170299746": {
    "x": 125,
    "y": 439.71143170299746,
    "exists": true,
    "isEdge": true
  },
  "200,396.4101615137755": {
    "x": 200,
    "y": 396.4101615137755,
    "exists": true,
    "isEdge": true
  },
  "275,439.71143170299746": {
    "x": 275,
    "y": 439.71143170299746,
    "exists": true,
    "isEdge": true
  },
  "350,396.4101615137755": {
    "x": 350,
    "y": 396.4101615137755,
    "exists": true,
    "isEdge": true
  },
  "425,439.71143170299746": {
    "x": 425,
    "y": 439.71143170299746,
    "exists": false,
    "isEdge": false
  },
  "500,396.4101615137755": {
    "x": 500,
    "y": 396.4101615137755,
    "exists": true,
    "isEdge": true
  },
  "575,439.71143170299746": {
    "x": 575,
    "y": 439.71143170299746,
    "exists": true,
    "isEdge": true
  },
  "650,396.4101615137755": {
    "x": 650,
    "y": 396.4101615137755,
    "exists": true,
    "isEdge": true
  },
  "725,439.71143170299746": {
    "x": 725,
    "y": 439.71143170299746,
    "exists": true,
    "isEdge": true
  },
  "800,396.4101615137755": {
    "x": 800,
    "y": 396.4101615137755,
    "exists": true,
    "isEdge": true
  },
  "875,439.71143170299746": {
    "x": 875,
    "y": 439.71143170299746,
    "exists": false,
    "isEdge": false
  },
  "950,396.4101615137755": {
    "x": 950,
    "y": 396.4101615137755,
    "exists": true,
    "isEdge": true,
    "type": "ice"
  },
  "50,483.0127018922194": {
    "x": 50,
    "y": 483.0127018922194,
    "exists": true,
    "isEdge": true,
    "type": "ice"
  },
  "125,526.3139720814413": {
    "x": 125,
    "y": 526.3139720814413,
    "exists": true,
    "isEdge": true,
    "type": "ice"
  },
  "200,483.01270189221935": {
    "x": 200,
    "y": 483.01270189221935,